,Country,Year,Obesity,Sex
99,Afghanistan,2008,3.6,Both sexes
102,Afghanistan,2009,3.8,Both sexes
105,Afghanistan,2010,4.0,Both sexes
108,Afghanistan,2011,4.2,Both sexes
111,Afghanistan,2012,4.4,Both sexes
114,Afghanistan,2013,4.7,Both sexes
117,Afghanistan,2014,4.9,Both sexes
120,Afghanistan,2015,5.2,Both sexes
123,Afghanistan,2016,5.5,Both sexes
225,Albania,2008,17.0,Both sexes
228,Albania,2009,17.6,Both sexes
231,Albania,2010,18.2,Both sexes
234,Albania,2011,18.8,Both sexes
237,Albania,2012,19.3,Both sexes
240,Albania,2013,19.9,Both sexes
243,Albania,2014,20.5,Both sexes
246,Albania,2015,21.1,Both sexes
249,Albania,2016,21.7,Both sexes
351,Algeria,2008,22.0,Both sexes
354,Algeria,2009,22.7,Both sexes
357,Algeria,2010,23.3,Both sexes
360,Algeria,2011,24.0,Both sexes
363,Algeria,2012,24.7,Both sexes
366,Algeria,2013,25.3,Both sexes
369,Algeria,2014,26.0,Both sexes
372,Algeria,2015,26.7,Both sexes
375,Algeria,2016,27.4,Both sexes
477,Andorra,2008,24.0,Both sexes
480,Andorra,2009,24.2,Both sexes
483,Andorra,2010,24.4,Both sexes
486,Andorra,2011,24.6,Both sexes
489,Andorra,2012,24.8,Both sexes
492,Andorra,2013,25.0,Both sexes
495,Andorra,2014,25.2,Both sexes
498,Andorra,2015,25.4,Both sexes
501,Andorra,2016,25.6,Both sexes
603,Angola,2008,5.6,Both sexes
606,Angola,2009,5.9,Both sexes
609,Angola,2010,6.2,Both sexes
612,Angola,2011,6.5,Both sexes
615,Angola,2012,6.8,Both sexes
618,Angola,2013,7.1,Both sexes
621,Angola,2014,7.5,Both sexes
624,Angola,2015,7.9,Both sexes
627,Angola,2016,8.2,Both sexes
729,Antigua and Barbuda,2008,15.5,Both sexes
732,Antigua and Barbuda,2009,15.9,Both sexes
735,Antigua and Barbuda,2010,16.2,Both sexes
738,Antigua and Barbuda,2011,16.7,Both sexes
741,Antigua and Barbuda,2012,17.1,Both sexes
744,Antigua and Barbuda,2013,17.5,Both sexes
747,Antigua and Barbuda,2014,18.0,Both sexes
750,Antigua and Barbuda,2015,18.4,Both sexes
753,Antigua and Barbuda,2016,18.9,Both sexes
855,Argentina,2008,24.4,Both sexes
858,Argentina,2009,24.8,Both sexes
861,Argentina,2010,25.3,Both sexes
864,Argentina,2011,25.8,Both sexes
867,Argentina,2012,26.3,Both sexes
870,Argentina,2013,26.8,Both sexes
873,Argentina,2014,27.3,Both sexes
876,Argentina,2015,27.8,Both sexes
879,Argentina,2016,28.3,Both sexes
981,Armenia,2008,16.7,Both sexes
984,Armenia,2009,17.1,Both sexes
987,Armenia,2010,17.5,Both sexes
990,Armenia,2011,17.9,Both sexes
993,Armenia,2012,18.3,Both sexes
996,Armenia,2013,18.8,Both sexes
999,Armenia,2014,19.2,Both sexes
1002,Armenia,2015,19.7,Both sexes
1005,Armenia,2016,20.2,Both sexes
1107,Australia,2008,24.6,Both sexes
1110,Australia,2009,25.1,Both sexes
1113,Australia,2010,25.6,Both sexes
1116,Australia,2011,26.2,Both sexes
1119,Australia,2012,26.7,Both sexes
1122,Australia,2013,27.3,Both sexes
1125,Australia,2014,27.9,Both sexes
1128,Australia,2015,28.4,Both sexes
1131,Australia,2016,29.0,Both sexes
1233,Austria,2008,16.9,Both sexes
1236,Austria,2009,17.3,Both sexes
1239,Austria,2010,17.6,Both sexes
1242,Austria,2011,18.0,Both sexes
1245,Austria,2012,18.4,Both sexes
1248,Austria,2013,18.8,Both sexes
1251,Austria,2014,19.2,Both sexes
1254,Austria,2015,19.7,Both sexes
1257,Austria,2016,20.1,Both sexes
1359,Azerbaijan,2008,15.7,Both sexes
1362,Azerbaijan,2009,16.2,Both sexes
1365,Azerbaijan,2010,16.6,Both sexes
1368,Azerbaijan,2011,17.2,Both sexes
1371,Azerbaijan,2012,17.7,Both sexes
1374,Azerbaijan,2013,18.2,Both sexes
1377,Azerbaijan,2014,18.8,Both sexes
1380,Azerbaijan,2015,19.3,Both sexes
1383,Azerbaijan,2016,19.9,Both sexes
1485,Bahamas,2008,27.6,Both sexes
1488,Bahamas,2009,28.1,Both sexes
1491,Bahamas,2010,28.5,Both sexes
1494,Bahamas,2011,29.0,Both sexes
1497,Bahamas,2012,29.5,Both sexes
1500,Bahamas,2013,30.0,Both sexes
1503,Bahamas,2014,30.5,Both sexes
1506,Bahamas,2015,31.0,Both sexes
1509,Bahamas,2016,31.6,Both sexes
1611,Bahrain,2008,25.8,Both sexes
1614,Bahrain,2009,26.2,Both sexes
1617,Bahrain,2010,26.6,Both sexes
1620,Bahrain,2011,27.1,Both sexes
1623,Bahrain,2012,27.6,Both sexes
1626,Bahrain,2013,28.2,Both sexes
1629,Bahrain,2014,28.8,Both sexes
1632,Bahrain,2015,29.3,Both sexes
1635,Bahrain,2016,29.8,Both sexes
1737,Bangladesh,2008,2.2,Both sexes
1740,Bangladesh,2009,2.3,Both sexes
1743,Bangladesh,2010,2.5,Both sexes
1746,Bangladesh,2011,2.6,Both sexes
1749,Bangladesh,2012,2.8,Both sexes
1752,Bangladesh,2013,3.0,Both sexes
1755,Bangladesh,2014,3.2,Both sexes
1758,Bangladesh,2015,3.4,Both sexes
1761,Bangladesh,2016,3.6,Both sexes
1863,Barbados,2008,18.9,Both sexes
1866,Barbados,2009,19.4,Both sexes
1869,Barbados,2010,19.8,Both sexes
1872,Barbados,2011,20.4,Both sexes
1875,Barbados,2012,20.9,Both sexes
1878,Barbados,2013,21.4,Both sexes
1881,Barbados,2014,22.0,Both sexes
1884,Barbados,2015,22.5,Both sexes
1887,Barbados,2016,23.1,Both sexes
1989,Belarus,2008,21.6,Both sexes
1992,Belarus,2009,21.9,Both sexes
1995,Belarus,2010,22.3,Both sexes
1998,Belarus,2011,22.7,Both sexes
2001,Belarus,2012,23.0,Both sexes
2004,Belarus,2013,23.4,Both sexes
2007,Belarus,2014,23.7,Both sexes
2010,Belarus,2015,24.1,Both sexes
2013,Belarus,2016,24.5,Both sexes
2115,Belgium,2008,19.5,Both sexes
2118,Belgium,2009,19.8,Both sexes
2121,Belgium,2010,20.1,Both sexes
2124,Belgium,2011,20.4,Both sexes
2127,Belgium,2012,20.7,Both sexes
2130,Belgium,2013,21.0,Both sexes
2133,Belgium,2014,21.4,Both sexes
2136,Belgium,2015,21.7,Both sexes
2139,Belgium,2016,22.1,Both sexes
2241,Belize,2008,20.0,Both sexes
2244,Belize,2009,20.5,Both sexes
2247,Belize,2010,21.0,Both sexes
2250,Belize,2011,21.5,Both sexes
2253,Belize,2012,22.0,Both sexes
2256,Belize,2013,22.5,Both sexes
2259,Belize,2014,23.0,Both sexes
2262,Belize,2015,23.6,Both sexes
2265,Belize,2016,24.1,Both sexes
2367,Benin,2008,7.0,Both sexes
2370,Benin,2009,7.3,Both sexes
2373,Benin,2010,7.6,Both sexes
2376,Benin,2011,7.9,Both sexes
2379,Benin,2012,8.2,Both sexes
2382,Benin,2013,8.6,Both sexes
2385,Benin,2014,8.9,Both sexes
2388,Benin,2015,9.3,Both sexes
2391,Benin,2016,9.6,Both sexes
2493,Bhutan,2008,4.1,Both sexes
2496,Bhutan,2009,4.4,Both sexes
2499,Bhutan,2010,4.6,Both sexes
2502,Bhutan,2011,4.9,Both sexes
2505,Bhutan,2012,5.2,Both sexes
2508,Bhutan,2013,5.5,Both sexes
2511,Bhutan,2014,5.7,Both sexes
2514,Bhutan,2015,6.1,Both sexes
2517,Bhutan,2016,6.4,Both sexes
2619,Bolivia,2008,16.5,Both sexes
2622,Bolivia,2009,17.0,Both sexes
2625,Bolivia,2010,17.4,Both sexes
2628,Bolivia,2011,17.9,Both sexes
2631,Bolivia,2012,18.3,Both sexes
2634,Bolivia,2013,18.8,Both sexes
2637,Bolivia,2014,19.3,Both sexes
2640,Bolivia,2015,19.7,Both sexes
2643,Bolivia,2016,20.2,Both sexes
2745,Bosnia and Herzegovina,2008,14.9,Both sexes
2748,Bosnia and Herzegovina,2009,15.3,Both sexes
2751,Bosnia and Herzegovina,2010,15.6,Both sexes
2754,Bosnia and Herzegovina,2011,16.0,Both sexes
2757,Bosnia and Herzegovina,2012,16.3,Both sexes
2760,Bosnia and Herzegovina,2013,16.7,Both sexes
2763,Bosnia and Herzegovina,2014,17.1,Both sexes
2766,Bosnia and Herzegovina,2015,17.5,Both sexes
2769,Bosnia and Herzegovina,2016,17.9,Both sexes
2871,Botswana,2008,16.2,Both sexes
2874,Botswana,2009,16.5,Both sexes
2877,Botswana,2010,16.9,Both sexes
2880,Botswana,2011,17.2,Both sexes
2883,Botswana,2012,17.5,Both sexes
2886,Botswana,2013,17.9,Both sexes
2889,Botswana,2014,18.2,Both sexes
2892,Botswana,2015,18.6,Both sexes
2895,Botswana,2016,18.9,Both sexes
2997,Brazil,2008,18.2,Both sexes
3000,Brazil,2009,18.7,Both sexes
3003,Brazil,2010,19.2,Both sexes
3006,Brazil,2011,19.6,Both sexes
3009,Brazil,2012,20.1,Both sexes
3012,Brazil,2013,20.6,Both sexes
3015,Brazil,2014,21.1,Both sexes
3018,Brazil,2015,21.6,Both sexes
3021,Brazil,2016,22.1,Both sexes
3123,Brunei Darussalam,2008,10.2,Both sexes
3126,Brunei Darussalam,2009,10.7,Both sexes
3129,Brunei Darussalam,2010,11.1,Both sexes
3132,Brunei Darussalam,2011,11.6,Both sexes
3135,Brunei Darussalam,2012,12.1,Both sexes
3138,Brunei Darussalam,2013,12.6,Both sexes
3141,Brunei Darussalam,2014,13.1,Both sexes
3144,Brunei Darussalam,2015,13.6,Both sexes
3147,Brunei Darussalam,2016,14.1,Both sexes
3249,Bulgaria,2008,21.6,Both sexes
3252,Bulgaria,2009,22.0,Both sexes
3255,Bulgaria,2010,22.4,Both sexes
3258,Bulgaria,2011,22.8,Both sexes
3261,Bulgaria,2012,23.2,Both sexes
3264,Bulgaria,2013,23.7,Both sexes
3267,Bulgaria,2014,24.1,Both sexes
3270,Bulgaria,2015,24.5,Both sexes
3273,Bulgaria,2016,25.0,Both sexes
3375,Burkina Faso,2008,3.5,Both sexes
3378,Burkina Faso,2009,3.7,Both sexes
3381,Burkina Faso,2010,4.0,Both sexes
3384,Burkina Faso,2011,4.2,Both sexes
3387,Burkina Faso,2012,4.5,Both sexes
3390,Burkina Faso,2013,4.7,Both sexes
3393,Burkina Faso,2014,5.0,Both sexes
3396,Burkina Faso,2015,5.3,Both sexes
3399,Burkina Faso,2016,5.6,Both sexes
3501,Burundi,2008,3.6,Both sexes
3504,Burundi,2009,3.8,Both sexes
3507,Burundi,2010,4.0,Both sexes
3510,Burundi,2011,4.2,Both sexes
3513,Burundi,2012,4.4,Both sexes
3516,Burundi,2013,4.6,Both sexes
3519,Burundi,2014,4.9,Both sexes
3522,Burundi,2015,5.1,Both sexes
3525,Burundi,2016,5.4,Both sexes
3627,Cabo Verde,2008,8.9,Both sexes
3630,Cabo Verde,2009,9.2,Both sexes
3633,Cabo Verde,2010,9.6,Both sexes
3636,Cabo Verde,2011,9.9,Both sexes
3639,Cabo Verde,2012,10.3,Both sexes
3642,Cabo Verde,2013,10.7,Both sexes
3645,Cabo Verde,2014,11.0,Both sexes
3648,Cabo Verde,2015,11.4,Both sexes
3651,Cabo Verde,2016,11.8,Both sexes
3753,Cambodia,2008,2.4,Both sexes
3756,Cambodia,2009,2.6,Both sexes
3759,Cambodia,2010,2.7,Both sexes
3762,Cambodia,2011,2.9,Both sexes
3765,Cambodia,2012,3.1,Both sexes
3768,Cambodia,2013,3.3,Both sexes
3771,Cambodia,2014,3.5,Both sexes
3774,Cambodia,2015,3.7,Both sexes
3777,Cambodia,2016,3.9,Both sexes
3879,Cameroon,2008,8.3,Both sexes
3882,Cameroon,2009,8.7,Both sexes
3885,Cameroon,2010,9.0,Both sexes
3888,Cameroon,2011,9.4,Both sexes
3891,Cameroon,2012,9.8,Both sexes
3894,Cameroon,2013,10.2,Both sexes
3897,Cameroon,2014,10.6,Both sexes
3900,Cameroon,2015,11.0,Both sexes
3903,Cameroon,2016,11.4,Both sexes
4005,Canada,2008,24.9,Both sexes
4008,Canada,2009,25.5,Both sexes
4011,Canada,2010,26.0,Both sexes
4014,Canada,2011,26.6,Both sexes
4017,Canada,2012,27.1,Both sexes
4020,Canada,2013,27.7,Both sexes
4023,Canada,2014,28.3,Both sexes
4026,Canada,2015,28.8,Both sexes
4029,Canada,2016,29.4,Both sexes
4131,Central African Republic,2008,5.4,Both sexes
4134,Central African Republic,2009,5.6,Both sexes
4137,Central African Republic,2010,5.9,Both sexes
4140,Central African Republic,2011,6.1,Both sexes
4143,Central African Republic,2012,6.4,Both sexes
4146,Central African Republic,2013,6.6,Both sexes
4149,Central African Republic,2014,6.9,Both sexes
4152,Central African Republic,2015,7.2,Both sexes
4155,Central African Republic,2016,7.5,Both sexes
4257,Chad,2008,4.3,Both sexes
4260,Chad,2009,4.5,Both sexes
4263,Chad,2010,4.7,Both sexes
4266,Chad,2011,4.9,Both sexes
4269,Chad,2012,5.1,Both sexes
4272,Chad,2013,5.3,Both sexes
4275,Chad,2014,5.6,Both sexes
4278,Chad,2015,5.8,Both sexes
4281,Chad,2016,6.1,Both sexes
4383,Chile,2008,24.2,Both sexes
4386,Chile,2009,24.7,Both sexes
4389,Chile,2010,25.1,Both sexes
4392,Chile,2011,25.6,Both sexes
4395,Chile,2012,26.1,Both sexes
4398,Chile,2013,26.5,Both sexes
4401,Chile,2014,27.0,Both sexes
4404,Chile,2015,27.5,Both sexes
4407,Chile,2016,28.0,Both sexes
4509,China and Taiwan,2008,3.9,Both sexes
4512,China and Taiwan,2009,4.1,Both sexes
4515,China and Taiwan,2010,4.4,Both sexes
4518,China and Taiwan,2011,4.7,Both sexes
4521,China and Taiwan,2012,5.0,Both sexes
4524,China and Taiwan,2013,5.2,Both sexes
4527,China and Taiwan,2014,5.5,Both sexes
4530,China and Taiwan,2015,5.9,Both sexes
4533,China and Taiwan,2016,6.2,Both sexes
4635,Colombia,2008,18.7,Both sexes
4638,Colombia,2009,19.1,Both sexes
4641,Colombia,2010,19.5,Both sexes
4644,Colombia,2011,20.0,Both sexes
4647,Colombia,2012,20.4,Both sexes
4650,Colombia,2013,20.9,Both sexes
4653,Colombia,2014,21.4,Both sexes
4656,Colombia,2015,21.9,Both sexes
4659,Colombia,2016,22.3,Both sexes
4761,Comoros,2008,5.7,Both sexes
4764,Comoros,2009,5.9,Both sexes
4767,Comoros,2010,6.2,Both sexes
4770,Comoros,2011,6.4,Both sexes
4773,Comoros,2012,6.7,Both sexes
4776,Comoros,2013,6.9,Both sexes
4779,Comoros,2014,7.2,Both sexes
4782,Comoros,2015,7.5,Both sexes
4785,Comoros,2016,7.8,Both sexes
4887,Congo,2008,7.1,Both sexes
4890,Congo,2009,7.4,Both sexes
4893,Congo,2010,7.7,Both sexes
4896,Congo,2011,8.0,Both sexes
4899,Congo,2012,8.3,Both sexes
4902,Congo,2013,8.6,Both sexes
4905,Congo,2014,8.9,Both sexes
4908,Congo,2015,9.2,Both sexes
4911,Congo,2016,9.6,Both sexes
5013,Cook Islands,2008,51.3,Both sexes
5016,Cook Islands,2009,52.0,Both sexes
5019,Cook Islands,2010,52.6,Both sexes
5022,Cook Islands,2011,53.2,Both sexes
5025,Cook Islands,2012,53.8,Both sexes
5028,Cook Islands,2013,54.3,Both sexes
5031,Cook Islands,2014,54.9,Both sexes
5034,Cook Islands,2015,55.4,Both sexes
5037,Cook Islands,2016,55.9,Both sexes
5139,Costa Rica,2008,20.0,Both sexes
5142,Costa Rica,2009,20.7,Both sexes
5145,Costa Rica,2010,21.4,Both sexes
5148,Costa Rica,2011,22.2,Both sexes
5151,Costa Rica,2012,22.9,Both sexes
5154,Costa Rica,2013,23.6,Both sexes
5157,Costa Rica,2014,24.3,Both sexes
5160,Costa Rica,2015,25.0,Both sexes
5163,Costa Rica,2016,25.7,Both sexes
5265,Croatia,2008,20.7,Both sexes
5268,Croatia,2009,21.1,Both sexes
5271,Croatia,2010,21.6,Both sexes
5274,Croatia,2011,22.0,Both sexes
5277,Croatia,2012,22.5,Both sexes
5280,Croatia,2013,22.9,Both sexes
5283,Croatia,2014,23.4,Both sexes
5286,Croatia,2015,23.9,Both sexes
5289,Croatia,2016,24.4,Both sexes
5391,Cuba,2008,20.8,Both sexes
5394,Cuba,2009,21.2,Both sexes
5397,Cuba,2010,21.7,Both sexes
5400,Cuba,2011,22.2,Both sexes
5403,Cuba,2012,22.6,Both sexes
5406,Cuba,2013,23.1,Both sexes
5409,Cuba,2014,23.6,Both sexes
5412,Cuba,2015,24.1,Both sexes
5415,Cuba,2016,24.6,Both sexes
5517,Cyprus,2008,19.1,Both sexes
5520,Cyprus,2009,19.4,Both sexes
5523,Cyprus,2010,19.8,Both sexes
5526,Cyprus,2011,20.1,Both sexes
5529,Cyprus,2012,20.4,Both sexes
5532,Cyprus,2013,20.7,Both sexes
5535,Cyprus,2014,21.1,Both sexes
5538,Cyprus,2015,21.4,Both sexes
5541,Cyprus,2016,21.8,Both sexes
5643,Czech Republic,2008,23.2,Both sexes
5646,Czech Republic,2009,23.6,Both sexes
5649,Czech Republic,2010,23.9,Both sexes
5652,Czech Republic,2011,24.2,Both sexes
5655,Czech Republic,2012,24.5,Both sexes
5658,Czech Republic,2013,24.9,Both sexes
5661,Czech Republic,2014,25.2,Both sexes
5664,Czech Republic,2015,25.6,Both sexes
5667,Czech Republic,2016,26.0,Both sexes
5769,Ivory Coast,2008,7.2,Both sexes
5772,Ivory Coast,2009,7.6,Both sexes
5775,Ivory Coast,2010,7.9,Both sexes
5778,Ivory Coast,2011,8.3,Both sexes
5781,Ivory Coast,2012,8.7,Both sexes
5784,Ivory Coast,2013,9.0,Both sexes
5787,Ivory Coast,2014,9.4,Both sexes
5790,Ivory Coast,2015,9.8,Both sexes
5793,Ivory Coast,2016,10.3,Both sexes
5895,South Korea,2008,5.2,Both sexes
5898,South Korea,2009,5.4,Both sexes
5901,South Korea,2010,5.5,Both sexes
5904,South Korea,2011,5.7,Both sexes
5907,South Korea,2012,5.9,Both sexes
5910,South Korea,2013,6.1,Both sexes
5913,South Korea,2014,6.3,Both sexes
5916,South Korea,2015,6.5,Both sexes
5919,South Korea,2016,6.8,Both sexes
6021,Congo,2008,4.6,Both sexes
6024,Congo,2009,4.8,Both sexes
6027,Congo,2010,5.1,Both sexes
6030,Congo,2011,5.3,Both sexes
6033,Congo,2012,5.6,Both sexes
6036,Congo,2013,5.9,Both sexes
6039,Congo,2014,6.1,Both sexes
6042,Congo,2015,6.4,Both sexes
6045,Congo,2016,6.7,Both sexes
6147,Denmark,2008,16.7,Both sexes
6150,Denmark,2009,17.1,Both sexes
6153,Denmark,2010,17.4,Both sexes
6156,Denmark,2011,17.8,Both sexes
6159,Denmark,2012,18.1,Both sexes
6162,Denmark,2013,18.5,Both sexes
6165,Denmark,2014,18.9,Both sexes
6168,Denmark,2015,19.3,Both sexes
6171,Denmark,2016,19.7,Both sexes
6273,Djibouti,2008,11.2,Both sexes
6276,Djibouti,2009,11.5,Both sexes
6279,Djibouti,2010,11.8,Both sexes
6282,Djibouti,2011,12.0,Both sexes
6285,Djibouti,2012,12.3,Both sexes
6288,Djibouti,2013,12.6,Both sexes
6291,Djibouti,2014,12.9,Both sexes
6294,Djibouti,2015,13.2,Both sexes
6297,Djibouti,2016,13.5,Both sexes
6399,Dominica,2008,23.4,Both sexes
6402,Dominica,2009,23.9,Both sexes
6405,Dominica,2010,24.5,Both sexes
6408,Dominica,2011,25.0,Both sexes
6411,Dominica,2012,25.6,Both sexes
6414,Dominica,2013,26.2,Both sexes
6417,Dominica,2014,26.8,Both sexes
6420,Dominica,2015,27.3,Both sexes
6423,Dominica,2016,27.9,Both sexes
6525,Dominican Republic,2008,21.5,Both sexes
6528,Dominican Republic,2009,22.2,Both sexes
6531,Dominican Republic,2010,23.0,Both sexes
6534,Dominican Republic,2011,23.8,Both sexes
6537,Dominican Republic,2012,24.5,Both sexes
6540,Dominican Republic,2013,25.3,Both sexes
6543,Dominican Republic,2014,26.1,Both sexes
6546,Dominican Republic,2015,26.9,Both sexes
6549,Dominican Republic,2016,27.6,Both sexes
6651,Ecuador,2008,16.4,Both sexes
6654,Ecuador,2009,16.8,Both sexes
6657,Ecuador,2010,17.2,Both sexes
6660,Ecuador,2011,17.6,Both sexes
6663,Ecuador,2012,18.1,Both sexes
6666,Ecuador,2013,18.5,Both sexes
6669,Ecuador,2014,19.0,Both sexes
6672,Ecuador,2015,19.4,Both sexes
6675,Ecuador,2016,19.9,Both sexes
6777,Egypt,2008,26.7,Both sexes
6780,Egypt,2009,27.4,Both sexes
6783,Egypt,2010,28.0,Both sexes
6786,Egypt,2011,28.6,Both sexes
6789,Egypt,2012,29.3,Both sexes
6792,Egypt,2013,30.0,Both sexes
6795,Egypt,2014,30.6,Both sexes
6798,Egypt,2015,31.3,Both sexes
6801,Egypt,2016,32.0,Both sexes
6903,El Salvador,2008,20.0,Both sexes
6906,El Salvador,2009,20.6,Both sexes
6909,El Salvador,2010,21.1,Both sexes
6912,El Salvador,2011,21.7,Both sexes
6915,El Salvador,2012,22.2,Both sexes
6918,El Salvador,2013,22.8,Both sexes
6921,El Salvador,2014,23.4,Both sexes
6924,El Salvador,2015,24.0,Both sexes
6927,El Salvador,2016,24.6,Both sexes
7029,Equatorial Guinea,2008,5.8,Both sexes
7032,Equatorial Guinea,2009,6.0,Both sexes
7035,Equatorial Guinea,2010,6.3,Both sexes
7038,Equatorial Guinea,2011,6.5,Both sexes
7041,Equatorial Guinea,2012,6.8,Both sexes
7044,Equatorial Guinea,2013,7.1,Both sexes
7047,Equatorial Guinea,2014,7.4,Both sexes
7050,Equatorial Guinea,2015,7.7,Both sexes
7053,Equatorial Guinea,2016,8.0,Both sexes
7155,Eritrea,2008,3.4,Both sexes
7158,Eritrea,2009,3.5,Both sexes
7161,Eritrea,2010,3.7,Both sexes
7164,Eritrea,2011,3.9,Both sexes
7167,Eritrea,2012,4.1,Both sexes
7170,Eritrea,2013,4.3,Both sexes
7173,Eritrea,2014,4.5,Both sexes
7176,Eritrea,2015,4.8,Both sexes
7179,Eritrea,2016,5.0,Both sexes
7281,Estonia,2008,19.1,Both sexes
7284,Estonia,2009,19.4,Both sexes
7287,Estonia,2010,19.6,Both sexes
7290,Estonia,2011,19.9,Both sexes
7293,Estonia,2012,20.1,Both sexes
7296,Estonia,2013,20.4,Both sexes
7299,Estonia,2014,20.7,Both sexes
7302,Estonia,2015,20.9,Both sexes
7305,Estonia,2016,21.2,Both sexes
7407,Eswatini,2008,13.4,Both sexes
7410,Eswatini,2009,13.8,Both sexes
7413,Eswatini,2010,14.1,Both sexes
7416,Eswatini,2011,14.5,Both sexes
7419,Eswatini,2012,14.9,Both sexes
7422,Eswatini,2013,15.3,Both sexes
7425,Eswatini,2014,15.7,Both sexes
7428,Eswatini,2015,16.1,Both sexes
7431,Eswatini,2016,16.5,Both sexes
7533,Ethiopia,2008,2.9,Both sexes
7536,Ethiopia,2009,3.1,Both sexes
7539,Ethiopia,2010,3.3,Both sexes
7542,Ethiopia,2011,3.4,Both sexes
7545,Ethiopia,2012,3.6,Both sexes
7548,Ethiopia,2013,3.8,Both sexes
7551,Ethiopia,2014,4.0,Both sexes
7554,Ethiopia,2015,4.3,Both sexes
7557,Ethiopia,2016,4.5,Both sexes
7659,Fiji,2008,25.4,Both sexes
7662,Fiji,2009,26.0,Both sexes
7665,Fiji,2010,26.5,Both sexes
7668,Fiji,2011,27.1,Both sexes
7671,Fiji,2012,27.7,Both sexes
7674,Fiji,2013,28.3,Both sexes
7677,Fiji,2014,28.9,Both sexes
7680,Fiji,2015,29.5,Both sexes
7683,Fiji,2016,30.2,Both sexes
7785,Finland,2008,19.3,Both sexes
7788,Finland,2009,19.6,Both sexes
7791,Finland,2010,20.0,Both sexes
7794,Finland,2011,20.3,Both sexes
7797,Finland,2012,20.7,Both sexes
7800,Finland,2013,21.1,Both sexes
7803,Finland,2014,21.4,Both sexes
7806,Finland,2015,21.8,Both sexes
7809,Finland,2016,22.2,Both sexes
7911,France,2008,18.6,Both sexes
7914,France,2009,19.0,Both sexes
7917,France,2010,19.3,Both sexes
7920,France,2011,19.7,Both sexes
7923,France,2012,20.1,Both sexes
7926,France,2013,20.4,Both sexes
7929,France,2014,20.8,Both sexes
7932,France,2015,21.2,Both sexes
7935,France,2016,21.6,Both sexes
8037,Gabon,2008,12.1,Both sexes
8040,Gabon,2009,12.5,Both sexes
8043,Gabon,2010,12.8,Both sexes
8046,Gabon,2011,13.2,Both sexes
8049,Gabon,2012,13.5,Both sexes
8052,Gabon,2013,13.9,Both sexes
8055,Gabon,2014,14.3,Both sexes
8058,Gabon,2015,14.6,Both sexes
8061,Gabon,2016,15.0,Both sexes
8163,Gambia,2008,7.3,Both sexes
8166,Gambia,2009,7.6,Both sexes
8169,Gambia,2010,8.0,Both sexes
8172,Gambia,2011,8.4,Both sexes
8175,Gambia,2012,8.7,Both sexes
8178,Gambia,2013,9.1,Both sexes
8181,Gambia,2014,9.5,Both sexes
8184,Gambia,2015,9.9,Both sexes
8187,Gambia,2016,10.3,Both sexes
8289,Georgia,2008,17.1,Both sexes
8292,Georgia,2009,17.6,Both sexes
8295,Georgia,2010,18.2,Both sexes
8298,Georgia,2011,18.7,Both sexes
8301,Georgia,2012,19.3,Both sexes
8304,Georgia,2013,19.9,Both sexes
8307,Georgia,2014,20.5,Both sexes
8310,Georgia,2015,21.1,Both sexes
8313,Georgia,2016,21.7,Both sexes
8415,Germany,2008,19.2,Both sexes
8418,Germany,2009,19.5,Both sexes
8421,Germany,2010,19.9,Both sexes
8424,Germany,2011,20.3,Both sexes
8427,Germany,2012,20.7,Both sexes
8430,Germany,2013,21.1,Both sexes
8433,Germany,2014,21.5,Both sexes
8436,Germany,2015,21.9,Both sexes
8439,Germany,2016,22.3,Both sexes
8541,Ghana,2008,8.0,Both sexes
8544,Ghana,2009,8.4,Both sexes
8547,Ghana,2010,8.7,Both sexes
8550,Ghana,2011,9.1,Both sexes
8553,Ghana,2012,9.4,Both sexes
8556,Ghana,2013,9.8,Both sexes
8559,Ghana,2014,10.1,Both sexes
8562,Ghana,2015,10.5,Both sexes
8565,Ghana,2016,10.9,Both sexes
8667,Greece,2008,21.6,Both sexes
8670,Greece,2009,22.0,Both sexes
8673,Greece,2010,22.4,Both sexes
8676,Greece,2011,22.8,Both sexes
8679,Greece,2012,23.2,Both sexes
8682,Greece,2013,23.6,Both sexes
8685,Greece,2014,24.0,Both sexes
8688,Greece,2015,24.4,Both sexes
8691,Greece,2016,24.9,Both sexes
8793,Grenada,2008,17.1,Both sexes
8796,Grenada,2009,17.6,Both sexes
8799,Grenada,2010,18.1,Both sexes
8802,Grenada,2011,18.6,Both sexes
8805,Grenada,2012,19.1,Both sexes
8808,Grenada,2013,19.6,Both sexes
8811,Grenada,2014,20.2,Both sexes
8814,Grenada,2015,20.7,Both sexes
8817,Grenada,2016,21.3,Both sexes
8919,Guatemala,2008,16.8,Both sexes
8922,Guatemala,2009,17.3,Both sexes
8925,Guatemala,2010,17.8,Both sexes
8928,Guatemala,2011,18.4,Both sexes
8931,Guatemala,2012,18.9,Both sexes
8934,Guatemala,2013,19.5,Both sexes
8937,Guatemala,2014,20.0,Both sexes
8940,Guatemala,2015,20.6,Both sexes
8943,Guatemala,2016,21.2,Both sexes
9045,Guinea,2008,5.4,Both sexes
9048,Guinea,2009,5.6,Both sexes
9051,Guinea,2010,5.9,Both sexes
9054,Guinea,2011,6.2,Both sexes
9057,Guinea,2012,6.4,Both sexes
9060,Guinea,2013,6.7,Both sexes
9063,Guinea,2014,7.0,Both sexes
9066,Guinea,2015,7.4,Both sexes
9069,Guinea,2016,7.7,Both sexes
9171,Guinea-Bissau,2008,6.6,Both sexes
9174,Guinea-Bissau,2009,6.9,Both sexes
9177,Guinea-Bissau,2010,7.2,Both sexes
9180,Guinea-Bissau,2011,7.6,Both sexes
9183,Guinea-Bissau,2012,7.9,Both sexes
9186,Guinea-Bissau,2013,8.3,Both sexes
9189,Guinea-Bissau,2014,8.7,Both sexes
9192,Guinea-Bissau,2015,9.1,Both sexes
9195,Guinea-Bissau,2016,9.5,Both sexes
9297,Guyana,2008,15.8,Both sexes
9300,Guyana,2009,16.3,Both sexes
9303,Guyana,2010,16.8,Both sexes
9306,Guyana,2011,17.4,Both sexes
9309,Guyana,2012,17.9,Both sexes
9312,Guyana,2013,18.4,Both sexes
9315,Guyana,2014,19.0,Both sexes
9318,Guyana,2015,19.6,Both sexes
9321,Guyana,2016,20.2,Both sexes
9423,Haiti,2008,16.2,Both sexes
9426,Haiti,2009,16.9,Both sexes
9429,Haiti,2010,17.7,Both sexes
9432,Haiti,2011,18.6,Both sexes
9435,Haiti,2012,19.4,Both sexes
9438,Haiti,2013,20.2,Both sexes
9441,Haiti,2014,21.0,Both sexes
9444,Haiti,2015,21.8,Both sexes
9447,Haiti,2016,22.7,Both sexes
9549,Honduras,2008,16.7,Both sexes
9552,Honduras,2009,17.2,Both sexes
9555,Honduras,2010,17.8,Both sexes
9558,Honduras,2011,18.4,Both sexes
9561,Honduras,2012,19.0,Both sexes
9564,Honduras,2013,19.5,Both sexes
9567,Honduras,2014,20.1,Both sexes
9570,Honduras,2015,20.8,Both sexes
9573,Honduras,2016,21.4,Both sexes
9675,Hungary,2008,22.6,Both sexes
9678,Hungary,2009,23.1,Both sexes
9681,Hungary,2010,23.5,Both sexes
9684,Hungary,2011,24.0,Both sexes
9687,Hungary,2012,24.5,Both sexes
9690,Hungary,2013,25.0,Both sexes
9693,Hungary,2014,25.4,Both sexes
9696,Hungary,2015,25.9,Both sexes
9699,Hungary,2016,26.4,Both sexes
9801,Iceland,2008,18.9,Both sexes
9804,Iceland,2009,19.2,Both sexes
9807,Iceland,2010,19.6,Both sexes
9810,Iceland,2011,20.0,Both sexes
9813,Iceland,2012,20.3,Both sexes
9816,Iceland,2013,20.7,Both sexes
9819,Iceland,2014,21.1,Both sexes
9822,Iceland,2015,21.5,Both sexes
9825,Iceland,2016,21.9,Both sexes
9927,India,2008,2.5,Both sexes
9930,India,2009,2.7,Both sexes
9933,India,2010,2.8,Both sexes
9936,India,2011,3.0,Both sexes
9939,India,2012,3.1,Both sexes
9942,India,2013,3.3,Both sexes
9945,India,2014,3.5,Both sexes
9948,India,2015,3.7,Both sexes
9951,India,2016,3.9,Both sexes
10053,Indonesia,2008,4.3,Both sexes
10056,Indonesia,2009,4.6,Both sexes
10059,Indonesia,2010,4.9,Both sexes
10062,Indonesia,2011,5.2,Both sexes
10065,Indonesia,2012,5.5,Both sexes
10068,Indonesia,2013,5.8,Both sexes
10071,Indonesia,2014,6.1,Both sexes
10074,Indonesia,2015,6.5,Both sexes
10077,Indonesia,2016,6.9,Both sexes
10179,Iran,2008,20.9,Both sexes
10182,Iran,2009,21.5,Both sexes
10185,Iran,2010,22.1,Both sexes
10188,Iran,2011,22.7,Both sexes
10191,Iran,2012,23.3,Both sexes
10194,Iran,2013,24.0,Both sexes
10197,Iran,2014,24.6,Both sexes
10200,Iran,2015,25.2,Both sexes
10203,Iran,2016,25.8,Both sexes
10305,Iraq,2008,25.9,Both sexes
10308,Iraq,2009,26.4,Both sexes
10311,Iraq,2010,26.9,Both sexes
10314,Iraq,2011,27.5,Both sexes
10317,Iraq,2012,28.0,Both sexes
10320,Iraq,2013,28.6,Both sexes
10323,Iraq,2014,29.2,Both sexes
10326,Iraq,2015,29.8,Both sexes
10329,Iraq,2016,30.4,Both sexes
10431,Ireland,2008,20.4,Both sexes
10434,Ireland,2009,21.0,Both sexes
10437,Ireland,2010,21.6,Both sexes
10440,Ireland,2011,22.2,Both sexes
10443,Ireland,2012,22.8,Both sexes
10446,Ireland,2013,23.4,Both sexes
10449,Ireland,2014,24.0,Both sexes
10452,Ireland,2015,24.7,Both sexes
10455,Ireland,2016,25.3,Both sexes
10557,Israel,2008,23.6,Both sexes
10560,Israel,2009,23.9,Both sexes
10563,Israel,2010,24.2,Both sexes
10566,Israel,2011,24.5,Both sexes
10569,Israel,2012,24.8,Both sexes
10572,Israel,2013,25.1,Both sexes
10575,Israel,2014,25.5,Both sexes
10578,Israel,2015,25.8,Both sexes
10581,Israel,2016,26.1,Both sexes
10683,Italy,2008,17.5,Both sexes
10686,Italy,2009,17.8,Both sexes
10689,Italy,2010,18.1,Both sexes
10692,Italy,2011,18.3,Both sexes
10695,Italy,2012,18.7,Both sexes
10698,Italy,2013,19.0,Both sexes
10701,Italy,2014,19.3,Both sexes
10704,Italy,2015,19.6,Both sexes
10707,Italy,2016,19.9,Both sexes
10809,Jamaica,2008,20.0,Both sexes
10812,Jamaica,2009,20.6,Both sexes
10815,Jamaica,2010,21.1,Both sexes
10818,Jamaica,2011,21.7,Both sexes
10821,Jamaica,2012,22.3,Both sexes
10824,Jamaica,2013,22.9,Both sexes
10827,Jamaica,2014,23.5,Both sexes
10830,Jamaica,2015,24.1,Both sexes
10833,Jamaica,2016,24.7,Both sexes
10935,Japan,2008,3.0,Both sexes
10938,Japan,2009,3.2,Both sexes
10941,Japan,2010,3.3,Both sexes
10944,Japan,2011,3.5,Both sexes
10947,Japan,2012,3.6,Both sexes
10950,Japan,2013,3.8,Both sexes
10953,Japan,2014,3.9,Both sexes
10956,Japan,2015,4.1,Both sexes
10959,Japan,2016,4.3,Both sexes
11061,Jordan,2008,30.8,Both sexes
11064,Jordan,2009,31.4,Both sexes
11067,Jordan,2010,31.9,Both sexes
11070,Jordan,2011,32.5,Both sexes
11073,Jordan,2012,33.1,Both sexes
11076,Jordan,2013,33.7,Both sexes
11079,Jordan,2014,34.3,Both sexes
11082,Jordan,2015,34.9,Both sexes
11085,Jordan,2016,35.5,Both sexes
11187,Kazakhstan,2008,17.1,Both sexes
11190,Kazakhstan,2009,17.6,Both sexes
11193,Kazakhstan,2010,18.0,Both sexes
11196,Kazakhstan,2011,18.5,Both sexes
11199,Kazakhstan,2012,19.0,Both sexes
11202,Kazakhstan,2013,19.5,Both sexes
11205,Kazakhstan,2014,20.0,Both sexes
11208,Kazakhstan,2015,20.5,Both sexes
11211,Kazakhstan,2016,21.0,Both sexes
11313,Kenya,2008,4.9,Both sexes
11316,Kenya,2009,5.1,Both sexes
11319,Kenya,2010,5.4,Both sexes
11322,Kenya,2011,5.6,Both sexes
11325,Kenya,2012,5.9,Both sexes
11328,Kenya,2013,6.2,Both sexes
11331,Kenya,2014,6.5,Both sexes
11334,Kenya,2015,6.8,Both sexes
11337,Kenya,2016,7.1,Both sexes
11439,Kiribati,2008,40.9,Both sexes
11442,Kiribati,2009,41.6,Both sexes
11445,Kiribati,2010,42.2,Both sexes
11448,Kiribati,2011,42.8,Both sexes
11451,Kiribati,2012,43.5,Both sexes
11454,Kiribati,2013,44.1,Both sexes
11457,Kiribati,2014,44.7,Both sexes
11460,Kiribati,2015,45.3,Both sexes
11463,Kiribati,2016,46.0,Both sexes
11565,Kuwait,2008,33.5,Both sexes
11568,Kuwait,2009,34.0,Both sexes
11571,Kuwait,2010,34.6,Both sexes
11574,Kuwait,2011,35.1,Both sexes
11577,Kuwait,2012,35.6,Both sexes
11580,Kuwait,2013,36.2,Both sexes
11583,Kuwait,2014,36.8,Both sexes
11586,Kuwait,2015,37.4,Both sexes
11589,Kuwait,2016,37.9,Both sexes
11691,Kyrgyzstan,2008,12.5,Both sexes
11694,Kyrgyzstan,2009,13.0,Both sexes
11697,Kyrgyzstan,2010,13.4,Both sexes
11700,Kyrgyzstan,2011,13.9,Both sexes
11703,Kyrgyzstan,2012,14.4,Both sexes
11706,Kyrgyzstan,2013,14.9,Both sexes
11709,Kyrgyzstan,2014,15.5,Both sexes
11712,Kyrgyzstan,2015,16.0,Both sexes
11715,Kyrgyzstan,2016,16.6,Both sexes
11817,Laos,2008,3.1,Both sexes
11820,Laos,2009,3.3,Both sexes
11823,Laos,2010,3.5,Both sexes
11826,Laos,2011,3.8,Both sexes
11829,Laos,2012,4.1,Both sexes
11832,Laos,2013,4.4,Both sexes
11835,Laos,2014,4.7,Both sexes
11838,Laos,2015,5.0,Both sexes
11841,Laos,2016,5.3,Both sexes
11943,Latvia,2008,21.3,Both sexes
11946,Latvia,2009,21.5,Both sexes
11949,Latvia,2010,21.8,Both sexes
11952,Latvia,2011,22.1,Both sexes
11955,Latvia,2012,22.4,Both sexes
11958,Latvia,2013,22.7,Both sexes
11961,Latvia,2014,23.0,Both sexes
11964,Latvia,2015,23.3,Both sexes
11967,Latvia,2016,23.6,Both sexes
12069,Lebanon,2008,27.7,Both sexes
12072,Lebanon,2009,28.2,Both sexes
12075,Lebanon,2010,28.7,Both sexes
12078,Lebanon,2011,29.2,Both sexes
12081,Lebanon,2012,29.7,Both sexes
12084,Lebanon,2013,30.3,Both sexes
12087,Lebanon,2014,30.8,Both sexes
12090,Lebanon,2015,31.4,Both sexes
12093,Lebanon,2016,32.0,Both sexes
12195,Lesotho,2008,13.2,Both sexes
12198,Lesotho,2009,13.6,Both sexes
12201,Lesotho,2010,14.1,Both sexes
12204,Lesotho,2011,14.5,Both sexes
12207,Lesotho,2012,14.9,Both sexes
12210,Lesotho,2013,15.3,Both sexes
12213,Lesotho,2014,15.7,Both sexes
12216,Lesotho,2015,16.2,Both sexes
12219,Lesotho,2016,16.6,Both sexes
12321,Liberia,2008,7.4,Both sexes
12324,Liberia,2009,7.7,Both sexes
12327,Liberia,2010,8.0,Both sexes
12330,Liberia,2011,8.3,Both sexes
12333,Liberia,2012,8.6,Both sexes
12336,Liberia,2013,8.9,Both sexes
12339,Liberia,2014,9.2,Both sexes
12342,Liberia,2015,9.6,Both sexes
12345,Liberia,2016,9.9,Both sexes
12447,Libya,2008,27.6,Both sexes
12450,Libya,2009,28.2,Both sexes
12453,Libya,2010,28.8,Both sexes
12456,Libya,2011,29.4,Both sexes
12459,Libya,2012,30.0,Both sexes
12462,Libya,2013,30.6,Both sexes
12465,Libya,2014,31.3,Both sexes
12468,Libya,2015,31.9,Both sexes
12471,Libya,2016,32.5,Both sexes
12573,Lithuania,2008,23.8,Both sexes
12576,Lithuania,2009,24.1,Both sexes
12579,Lithuania,2010,24.4,Both sexes
12582,Lithuania,2011,24.7,Both sexes
12585,Lithuania,2012,25.0,Both sexes
12588,Lithuania,2013,25.3,Both sexes
12591,Lithuania,2014,25.6,Both sexes
12594,Lithuania,2015,26.0,Both sexes
12597,Lithuania,2016,26.3,Both sexes
12699,Luxembourg,2008,19.2,Both sexes
12702,Luxembourg,2009,19.6,Both sexes
12705,Luxembourg,2010,20.0,Both sexes
12708,Luxembourg,2011,20.4,Both sexes
12711,Luxembourg,2012,20.9,Both sexes
12714,Luxembourg,2013,21.3,Both sexes
12717,Luxembourg,2014,21.7,Both sexes
12720,Luxembourg,2015,22.2,Both sexes
12723,Luxembourg,2016,22.6,Both sexes
12825,Madagascar,2008,3.5,Both sexes
12828,Madagascar,2009,3.7,Both sexes
12831,Madagascar,2010,3.9,Both sexes
12834,Madagascar,2011,4.1,Both sexes
12837,Madagascar,2012,4.3,Both sexes
12840,Madagascar,2013,4.5,Both sexes
12843,Madagascar,2014,4.8,Both sexes
12846,Madagascar,2015,5.1,Both sexes
12849,Madagascar,2016,5.3,Both sexes
12951,Malawi,2008,4.0,Both sexes
12954,Malawi,2009,4.2,Both sexes
12957,Malawi,2010,4.4,Both sexes
12960,Malawi,2011,4.6,Both sexes
12963,Malawi,2012,4.8,Both sexes
12966,Malawi,2013,5.0,Both sexes
12969,Malawi,2014,5.3,Both sexes
12972,Malawi,2015,5.5,Both sexes
12975,Malawi,2016,5.8,Both sexes
13077,Malaysia,2008,10.9,Both sexes
13080,Malaysia,2009,11.5,Both sexes
13083,Malaysia,2010,12.0,Both sexes
13086,Malaysia,2011,12.6,Both sexes
13089,Malaysia,2012,13.1,Both sexes
13092,Malaysia,2013,13.7,Both sexes
13095,Malaysia,2014,14.3,Both sexes
13098,Malaysia,2015,14.9,Both sexes
13101,Malaysia,2016,15.6,Both sexes
13203,Maldives,2008,5.2,Both sexes
13206,Maldives,2009,5.5,Both sexes
13209,Maldives,2010,5.9,Both sexes
13212,Maldives,2011,6.3,Both sexes
13215,Maldives,2012,6.7,Both sexes
13218,Maldives,2013,7.2,Both sexes
13221,Maldives,2014,7.6,Both sexes
13224,Maldives,2015,8.1,Both sexes
13227,Maldives,2016,8.6,Both sexes
13329,Mali,2008,5.9,Both sexes
13332,Mali,2009,6.2,Both sexes
13335,Mali,2010,6.5,Both sexes
13338,Mali,2011,6.8,Both sexes
13341,Mali,2012,7.2,Both sexes
13344,Mali,2013,7.5,Both sexes
13347,Mali,2014,7.9,Both sexes
13350,Mali,2015,8.2,Both sexes
13353,Mali,2016,8.6,Both sexes
13455,Malta,2008,26.1,Both sexes
13458,Malta,2009,26.4,Both sexes
13461,Malta,2010,26.8,Both sexes
13464,Malta,2011,27.1,Both sexes
13467,Malta,2012,27.5,Both sexes
13470,Malta,2013,27.8,Both sexes
13473,Malta,2014,28.2,Both sexes
13476,Malta,2015,28.5,Both sexes
13479,Malta,2016,28.9,Both sexes
13581,Marshall Islands,2008,48.4,Both sexes
13584,Marshall Islands,2009,49.0,Both sexes
13587,Marshall Islands,2010,49.6,Both sexes
13590,Marshall Islands,2011,50.1,Both sexes
13593,Marshall Islands,2012,50.7,Both sexes
13596,Marshall Islands,2013,51.3,Both sexes
13599,Marshall Islands,2014,51.8,Both sexes
13602,Marshall Islands,2015,52.4,Both sexes
13605,Marshall Islands,2016,52.9,Both sexes
13707,Mauritania,2008,9.5,Both sexes
13710,Mauritania,2009,9.9,Both sexes
13713,Mauritania,2010,10.3,Both sexes
13716,Mauritania,2011,10.6,Both sexes
13719,Mauritania,2012,11.0,Both sexes
13722,Mauritania,2013,11.4,Both sexes
13725,Mauritania,2014,11.8,Both sexes
13728,Mauritania,2015,12.3,Both sexes
13731,Mauritania,2016,12.7,Both sexes
13833,Mauritius,2008,8.6,Both sexes
13836,Mauritius,2009,8.8,Both sexes
13839,Mauritius,2010,9.1,Both sexes
13842,Mauritius,2011,9.3,Both sexes
13845,Mauritius,2012,9.6,Both sexes
13848,Mauritius,2013,9.9,Both sexes
13851,Mauritius,2014,10.2,Both sexes
13854,Mauritius,2015,10.5,Both sexes
13857,Mauritius,2016,10.8,Both sexes
13959,Mexico,2008,24.8,Both sexes
13962,Mexico,2009,25.3,Both sexes
13965,Mexico,2010,25.8,Both sexes
13968,Mexico,2011,26.3,Both sexes
13971,Mexico,2012,26.8,Both sexes
13974,Mexico,2013,27.3,Both sexes
13977,Mexico,2014,27.8,Both sexes
13980,Mexico,2015,28.3,Both sexes
13983,Mexico,2016,28.9,Both sexes
14085,Micronesia (Federated States of),2008,40.1,Both sexes
14088,Micronesia (Federated States of),2009,40.8,Both sexes
14091,Micronesia (Federated States of),2010,41.5,Both sexes
14094,Micronesia (Federated States of),2011,42.2,Both sexes
14097,Micronesia (Federated States of),2012,42.9,Both sexes
14100,Micronesia (Federated States of),2013,43.7,Both sexes
14103,Micronesia (Federated States of),2014,44.4,Both sexes
14106,Micronesia (Federated States of),2015,45.1,Both sexes
14109,Micronesia (Federated States of),2016,45.8,Both sexes
14337,Mongolia,2008,15.5,Both sexes
14340,Mongolia,2009,16.1,Both sexes
14343,Mongolia,2010,16.7,Both sexes
14346,Mongolia,2011,17.3,Both sexes
14349,Mongolia,2012,17.9,Both sexes
14352,Mongolia,2013,18.6,Both sexes
14355,Mongolia,2014,19.2,Both sexes
14358,Mongolia,2015,19.9,Both sexes
14361,Mongolia,2016,20.6,Both sexes
14463,Montenegro,2008,20.0,Both sexes
14466,Montenegro,2009,20.4,Both sexes
14469,Montenegro,2010,20.8,Both sexes
14472,Montenegro,2011,21.2,Both sexes
14475,Montenegro,2012,21.6,Both sexes
14478,Montenegro,2013,22.0,Both sexes
14481,Montenegro,2014,22.4,Both sexes
14484,Montenegro,2015,22.8,Both sexes
14487,Montenegro,2016,23.3,Both sexes
14589,Morocco,2008,20.9,Both sexes
14592,Morocco,2009,21.5,Both sexes
14595,Morocco,2010,22.1,Both sexes
14598,Morocco,2011,22.8,Both sexes
14601,Morocco,2012,23.4,Both sexes
14604,Morocco,2013,24.1,Both sexes
14607,Morocco,2014,24.7,Both sexes
14610,Morocco,2015,25.4,Both sexes
14613,Morocco,2016,26.1,Both sexes
14715,Mozambique,2008,5.2,Both sexes
14718,Mozambique,2009,5.4,Both sexes
14721,Mozambique,2010,5.7,Both sexes
14724,Mozambique,2011,5.9,Both sexes
14727,Mozambique,2012,6.1,Both sexes
14730,Mozambique,2013,6.4,Both sexes
14733,Mozambique,2014,6.7,Both sexes
14736,Mozambique,2015,6.9,Both sexes
14739,Mozambique,2016,7.2,Both sexes
14841,Myanmar,2008,3.6,Both sexes
14844,Myanmar,2009,3.8,Both sexes
14847,Myanmar,2010,4.0,Both sexes
14850,Myanmar,2011,4.3,Both sexes
14853,Myanmar,2012,4.6,Both sexes
14856,Myanmar,2013,4.8,Both sexes
14859,Myanmar,2014,5.1,Both sexes
14862,Myanmar,2015,5.4,Both sexes
14865,Myanmar,2016,5.8,Both sexes
14967,Namibia,2008,13.0,Both sexes
14970,Namibia,2009,13.5,Both sexes
14973,Namibia,2010,14.0,Both sexes
14976,Namibia,2011,14.6,Both sexes
14979,Namibia,2012,15.1,Both sexes
14982,Namibia,2013,15.6,Both sexes
14985,Namibia,2014,16.1,Both sexes
14988,Namibia,2015,16.7,Both sexes
14991,Namibia,2016,17.2,Both sexes
15093,Nauru,2008,58.2,Both sexes
15096,Nauru,2009,58.5,Both sexes
15099,Nauru,2010,58.9,Both sexes
15102,Nauru,2011,59.3,Both sexes
15105,Nauru,2012,59.6,Both sexes
15108,Nauru,2013,60.0,Both sexes
15111,Nauru,2014,60.3,Both sexes
15114,Nauru,2015,60.7,Both sexes
15117,Nauru,2016,61.0,Both sexes
15219,Nepal,2008,2.6,Both sexes
15222,Nepal,2009,2.7,Both sexes
15225,Nepal,2010,2.9,Both sexes
15228,Nepal,2011,3.1,Both sexes
15231,Nepal,2012,3.3,Both sexes
15234,Nepal,2013,3.5,Both sexes
15237,Nepal,2014,3.7,Both sexes
15240,Nepal,2015,3.9,Both sexes
15243,Nepal,2016,4.1,Both sexes
15345,Netherlands,2008,16.8,Both sexes
15348,Netherlands,2009,17.3,Both sexes
15351,Netherlands,2010,17.7,Both sexes
15354,Netherlands,2011,18.2,Both sexes
15357,Netherlands,2012,18.6,Both sexes
15360,Netherlands,2013,19.1,Both sexes
15363,Netherlands,2014,19.5,Both sexes
15366,Netherlands,2015,20.0,Both sexes
15369,Netherlands,2016,20.4,Both sexes
15471,New Zealand,2008,26.1,Both sexes
15474,New Zealand,2009,26.6,Both sexes
15477,New Zealand,2010,27.2,Both sexes
15480,New Zealand,2011,27.8,Both sexes
15483,New Zealand,2012,28.4,Both sexes
15486,New Zealand,2013,29.0,Both sexes
15489,New Zealand,2014,29.6,Both sexes
15492,New Zealand,2015,30.2,Both sexes
15495,New Zealand,2016,30.8,Both sexes
15597,Nicaragua,2008,19.4,Both sexes
15600,Nicaragua,2009,19.9,Both sexes
15603,Nicaragua,2010,20.4,Both sexes
15606,Nicaragua,2011,20.9,Both sexes
15609,Nicaragua,2012,21.5,Both sexes
15612,Nicaragua,2013,22.0,Both sexes
15615,Nicaragua,2014,22.5,Both sexes
15618,Nicaragua,2015,23.1,Both sexes
15621,Nicaragua,2016,23.7,Both sexes
15723,Niger,2008,3.7,Both sexes
15726,Niger,2009,3.9,Both sexes
15729,Niger,2010,4.1,Both sexes
15732,Niger,2011,4.3,Both sexes
15735,Niger,2012,4.5,Both sexes
15738,Niger,2013,4.8,Both sexes
15741,Niger,2014,5.0,Both sexes
15744,Niger,2015,5.2,Both sexes
15747,Niger,2016,5.5,Both sexes
15849,Nigeria,2008,6.0,Both sexes
15852,Nigeria,2009,6.4,Both sexes
15855,Nigeria,2010,6.7,Both sexes
15858,Nigeria,2011,7.0,Both sexes
15861,Nigeria,2012,7.4,Both sexes
15864,Nigeria,2013,7.7,Both sexes
15867,Nigeria,2014,8.1,Both sexes
15870,Nigeria,2015,8.5,Both sexes
15873,Nigeria,2016,8.9,Both sexes
15975,Niue,2008,43.6,Both sexes
15978,Niue,2009,44.4,Both sexes
15981,Niue,2010,45.2,Both sexes
15984,Niue,2011,46.0,Both sexes
15987,Niue,2012,46.8,Both sexes
15990,Niue,2013,47.6,Both sexes
15993,Niue,2014,48.4,Both sexes
15996,Niue,2015,49.2,Both sexes
15999,Niue,2016,50.0,Both sexes
16101,Norway,2008,19.5,Both sexes
16104,Norway,2009,19.9,Both sexes
16107,Norway,2010,20.4,Both sexes
16110,Norway,2011,20.8,Both sexes
16113,Norway,2012,21.3,Both sexes
16116,Norway,2013,21.7,Both sexes
16119,Norway,2014,22.2,Both sexes
16122,Norway,2015,22.6,Both sexes
16125,Norway,2016,23.1,Both sexes
16227,Oman,2008,21.8,Both sexes
16230,Oman,2009,22.4,Both sexes
16233,Oman,2010,23.1,Both sexes
16236,Oman,2011,23.7,Both sexes
16239,Oman,2012,24.3,Both sexes
16242,Oman,2013,24.9,Both sexes
16245,Oman,2014,25.6,Both sexes
16248,Oman,2015,26.3,Both sexes
16251,Oman,2016,27.0,Both sexes
16353,Pakistan,2008,5.9,Both sexes
16356,Pakistan,2009,6.2,Both sexes
16359,Pakistan,2010,6.5,Both sexes
16362,Pakistan,2011,6.8,Both sexes
16365,Pakistan,2012,7.1,Both sexes
16368,Pakistan,2013,7.5,Both sexes
16371,Pakistan,2014,7.8,Both sexes
16374,Pakistan,2015,8.2,Both sexes
16377,Pakistan,2016,8.6,Both sexes
16479,Palau,2008,50.4,Both sexes
16482,Palau,2009,51.1,Both sexes
16485,Palau,2010,51.8,Both sexes
16488,Palau,2011,52.4,Both sexes
16491,Palau,2012,53.1,Both sexes
16494,Palau,2013,53.7,Both sexes
16497,Palau,2014,54.2,Both sexes
16500,Palau,2015,54.8,Both sexes
16503,Palau,2016,55.3,Both sexes
16605,Panama,2008,18.6,Both sexes
16608,Panama,2009,19.1,Both sexes
16611,Panama,2010,19.6,Both sexes
16614,Panama,2011,20.1,Both sexes
16617,Panama,2012,20.6,Both sexes
16620,Panama,2013,21.1,Both sexes
16623,Panama,2014,21.6,Both sexes
16626,Panama,2015,22.2,Both sexes
16629,Panama,2016,22.7,Both sexes
16731,Papua New Guinea,2008,16.9,Both sexes
16734,Papua New Guinea,2009,17.4,Both sexes
16737,Papua New Guinea,2010,17.9,Both sexes
16740,Papua New Guinea,2011,18.5,Both sexes
16743,Papua New Guinea,2012,19.0,Both sexes
16746,Papua New Guinea,2013,19.6,Both sexes
16749,Papua New Guinea,2014,20.1,Both sexes
16752,Papua New Guinea,2015,20.7,Both sexes
16755,Papua New Guinea,2016,21.3,Both sexes
16857,Paraguay,2008,16.2,Both sexes
16860,Paraguay,2009,16.7,Both sexes
16863,Paraguay,2010,17.2,Both sexes
16866,Paraguay,2011,17.7,Both sexes
16869,Paraguay,2012,18.2,Both sexes
16872,Paraguay,2013,18.7,Both sexes
16875,Paraguay,2014,19.2,Both sexes
16878,Paraguay,2015,19.8,Both sexes
16881,Paraguay,2016,20.3,Both sexes
16983,Peru,2008,16.5,Both sexes
16986,Peru,2009,16.9,Both sexes
16989,Peru,2010,17.3,Both sexes
16992,Peru,2011,17.7,Both sexes
16995,Peru,2012,18.1,Both sexes
16998,Peru,2013,18.5,Both sexes
17001,Peru,2014,18.9,Both sexes
17004,Peru,2015,19.3,Both sexes
17007,Peru,2016,19.7,Both sexes
17109,Philippines,2008,4.6,Both sexes
17112,Philippines,2009,4.8,Both sexes
17115,Philippines,2010,5.0,Both sexes
17118,Philippines,2011,5.2,Both sexes
17121,Philippines,2012,5.4,Both sexes
17124,Philippines,2013,5.7,Both sexes
17127,Philippines,2014,5.9,Both sexes
17130,Philippines,2015,6.2,Both sexes
17133,Philippines,2016,6.4,Both sexes
17235,Poland,2008,20.1,Both sexes
17238,Poland,2009,20.5,Both sexes
17241,Poland,2010,20.8,Both sexes
17244,Poland,2011,21.2,Both sexes
17247,Poland,2012,21.5,Both sexes
17250,Poland,2013,21.9,Both sexes
17253,Poland,2014,22.3,Both sexes
17256,Poland,2015,22.7,Both sexes
17259,Poland,2016,23.1,Both sexes
17361,Portugal,2008,17.2,Both sexes
17364,Portugal,2009,17.7,Both sexes
17367,Portugal,2010,18.1,Both sexes
17370,Portugal,2011,18.6,Both sexes
17373,Portugal,2012,19.0,Both sexes
17376,Portugal,2013,19.5,Both sexes
17379,Portugal,2014,19.9,Both sexes
17382,Portugal,2015,20.4,Both sexes
17385,Portugal,2016,20.8,Both sexes
17487,Qatar,2008,30.0,Both sexes
17490,Qatar,2009,30.5,Both sexes
17493,Qatar,2010,31.1,Both sexes
17496,Qatar,2011,31.8,Both sexes
17499,Qatar,2012,32.4,Both sexes
17502,Qatar,2013,33.1,Both sexes
17505,Qatar,2014,33.8,Both sexes
17508,Qatar,2015,34.5,Both sexes
17511,Qatar,2016,35.1,Both sexes
17613,Republic of Korea,2008,3.7,Both sexes
17616,Republic of Korea,2009,3.8,Both sexes
17619,Republic of Korea,2010,3.9,Both sexes
17622,Republic of Korea,2011,4.0,Both sexes
17625,Republic of Korea,2012,4.1,Both sexes
17628,Republic of Korea,2013,4.3,Both sexes
17631,Republic of Korea,2014,4.4,Both sexes
17634,Republic of Korea,2015,4.5,Both sexes
17637,Republic of Korea,2016,4.7,Both sexes
17739,Moldova,2008,16.3,Both sexes
17742,Moldova,2009,16.6,Both sexes
17745,Moldova,2010,16.9,Both sexes
17748,Moldova,2011,17.2,Both sexes
17751,Moldova,2012,17.5,Both sexes
17754,Moldova,2013,17.8,Both sexes
17757,Moldova,2014,18.2,Both sexes
17760,Moldova,2015,18.5,Both sexes
17763,Moldova,2016,18.9,Both sexes
17865,North Macedonia,2008,19.4,Both sexes
17868,North Macedonia,2009,19.8,Both sexes
17871,North Macedonia,2010,20.1,Both sexes
17874,North Macedonia,2011,20.5,Both sexes
17877,North Macedonia,2012,20.8,Both sexes
17880,North Macedonia,2013,21.2,Both sexes
17883,North Macedonia,2014,21.6,Both sexes
17886,North Macedonia,2015,22.0,Both sexes
17889,North Macedonia,2016,22.4,Both sexes
17991,Romania,2008,19.0,Both sexes
17994,Romania,2009,19.4,Both sexes
17997,Romania,2010,19.8,Both sexes
18000,Romania,2011,20.2,Both sexes
18003,Romania,2012,20.7,Both sexes
18006,Romania,2013,21.1,Both sexes
18009,Romania,2014,21.6,Both sexes
18012,Romania,2015,22.1,Both sexes
18015,Romania,2016,22.5,Both sexes
18117,Russia,2008,20.9,Both sexes
18120,Russia,2009,21.2,Both sexes
18123,Russia,2010,21.4,Both sexes
18126,Russia,2011,21.7,Both sexes
18129,Russia,2012,21.9,Both sexes
18132,Russia,2013,22.2,Both sexes
18135,Russia,2014,22.5,Both sexes
18138,Russia,2015,22.8,Both sexes
18141,Russia,2016,23.1,Both sexes
18243,Rwanda,2008,3.8,Both sexes
18246,Rwanda,2009,4.0,Both sexes
18249,Rwanda,2010,4.2,Both sexes
18252,Rwanda,2011,4.5,Both sexes
18255,Rwanda,2012,4.7,Both sexes
18258,Rwanda,2013,5.0,Both sexes
18261,Rwanda,2014,5.3,Both sexes
18264,Rwanda,2015,5.6,Both sexes
18267,Rwanda,2016,5.8,Both sexes
18369,Saint Kitts and Nevis,2008,18.2,Both sexes
18372,Saint Kitts and Nevis,2009,18.7,Both sexes
18375,Saint Kitts and Nevis,2010,19.3,Both sexes
18378,Saint Kitts and Nevis,2011,19.8,Both sexes
18381,Saint Kitts and Nevis,2012,20.4,Both sexes
18384,Saint Kitts and Nevis,2013,21.0,Both sexes
18387,Saint Kitts and Nevis,2014,21.6,Both sexes
18390,Saint Kitts and Nevis,2015,22.3,Both sexes
18393,Saint Kitts and Nevis,2016,22.9,Both sexes
18495,Saint Lucia,2008,15.8,Both sexes
18498,Saint Lucia,2009,16.2,Both sexes
18501,Saint Lucia,2010,16.5,Both sexes
18504,Saint Lucia,2011,17.0,Both sexes
18507,Saint Lucia,2012,17.4,Both sexes
18510,Saint Lucia,2013,18.0,Both sexes
18513,Saint Lucia,2014,18.5,Both sexes
18516,Saint Lucia,2015,19.1,Both sexes
18519,Saint Lucia,2016,19.7,Both sexes
18621,Saint Vincent and the Grenadines,2008,18.8,Both sexes
18624,Saint Vincent and the Grenadines,2009,19.4,Both sexes
18627,Saint Vincent and the Grenadines,2010,20.0,Both sexes
18630,Saint Vincent and the Grenadines,2011,20.6,Both sexes
18633,Saint Vincent and the Grenadines,2012,21.2,Both sexes
18636,Saint Vincent and the Grenadines,2013,21.8,Both sexes
18639,Saint Vincent and the Grenadines,2014,22.4,Both sexes
18642,Saint Vincent and the Grenadines,2015,23.1,Both sexes
18645,Saint Vincent and the Grenadines,2016,23.7,Both sexes
18747,Samoa,2008,42.2,Both sexes
18750,Samoa,2009,42.8,Both sexes
18753,Samoa,2010,43.4,Both sexes
18756,Samoa,2011,44.1,Both sexes
18759,Samoa,2012,44.7,Both sexes
18762,Samoa,2013,45.4,Both sexes
18765,Samoa,2014,46.0,Both sexes
18768,Samoa,2015,46.7,Both sexes
18771,Samoa,2016,47.3,Both sexes
18999,Sao Tome and Principe,2008,9.2,Both sexes
19002,Sao Tome and Principe,2009,9.6,Both sexes
19005,Sao Tome and Principe,2010,10.0,Both sexes
19008,Sao Tome and Principe,2011,10.3,Both sexes
19011,Sao Tome and Principe,2012,10.7,Both sexes
19014,Sao Tome and Principe,2013,11.2,Both sexes
19017,Sao Tome and Principe,2014,11.6,Both sexes
19020,Sao Tome and Principe,2015,12.0,Both sexes
19023,Sao Tome and Principe,2016,12.4,Both sexes
19125,Saudi Arabia,2008,30.2,Both sexes
19128,Saudi Arabia,2009,30.8,Both sexes
19131,Saudi Arabia,2010,31.5,Both sexes
19134,Saudi Arabia,2011,32.1,Both sexes
19137,Saudi Arabia,2012,32.8,Both sexes
19140,Saudi Arabia,2013,33.4,Both sexes
19143,Saudi Arabia,2014,34.1,Both sexes
19146,Saudi Arabia,2015,34.7,Both sexes
19149,Saudi Arabia,2016,35.4,Both sexes
19251,Senegal,2008,6.5,Both sexes
19254,Senegal,2009,6.8,Both sexes
19257,Senegal,2010,7.1,Both sexes
19260,Senegal,2011,7.3,Both sexes
19263,Senegal,2012,7.6,Both sexes
19266,Senegal,2013,7.9,Both sexes
19269,Senegal,2014,8.2,Both sexes
19272,Senegal,2015,8.5,Both sexes
19275,Senegal,2016,8.8,Both sexes
19377,Serbia,2008,18.4,Both sexes
19380,Serbia,2009,18.8,Both sexes
19383,Serbia,2010,19.2,Both sexes
19386,Serbia,2011,19.6,Both sexes
19389,Serbia,2012,20.0,Both sexes
19392,Serbia,2013,20.3,Both sexes
19395,Serbia,2014,20.7,Both sexes
19398,Serbia,2015,21.1,Both sexes
19401,Serbia,2016,21.5,Both sexes
19503,Seychelles,2008,11.0,Both sexes
19506,Seychelles,2009,11.4,Both sexes
19509,Seychelles,2010,11.7,Both sexes
19512,Seychelles,2011,12.0,Both sexes
19515,Seychelles,2012,12.4,Both sexes
19518,Seychelles,2013,12.8,Both sexes
19521,Seychelles,2014,13.2,Both sexes
19524,Seychelles,2015,13.5,Both sexes
19527,Seychelles,2016,14.0,Both sexes
19629,Sierra Leone,2008,6.3,Both sexes
19632,Sierra Leone,2009,6.5,Both sexes
19635,Sierra Leone,2010,6.8,Both sexes
19638,Sierra Leone,2011,7.1,Both sexes
19641,Sierra Leone,2012,7.4,Both sexes
19644,Sierra Leone,2013,7.7,Both sexes
19647,Sierra Leone,2014,8.0,Both sexes
19650,Sierra Leone,2015,8.3,Both sexes
19653,Sierra Leone,2016,8.7,Both sexes
19755,Singapore,2008,5.2,Both sexes
19758,Singapore,2009,5.3,Both sexes
19761,Singapore,2010,5.4,Both sexes
19764,Singapore,2011,5.5,Both sexes
19767,Singapore,2012,5.6,Both sexes
19770,Singapore,2013,5.7,Both sexes
19773,Singapore,2014,5.8,Both sexes
19776,Singapore,2015,6.0,Both sexes
19779,Singapore,2016,6.1,Both sexes
19881,Slovakia,2008,17.8,Both sexes
19884,Slovakia,2009,18.1,Both sexes
19887,Slovakia,2010,18.4,Both sexes
19890,Slovakia,2011,18.8,Both sexes
19893,Slovakia,2012,19.1,Both sexes
19896,Slovakia,2013,19.4,Both sexes
19899,Slovakia,2014,19.8,Both sexes
19902,Slovakia,2015,20.1,Both sexes
19905,Slovakia,2016,20.5,Both sexes
20007,Slovenia,2008,17.5,Both sexes
20010,Slovenia,2009,17.8,Both sexes
20013,Slovenia,2010,18.1,Both sexes
20016,Slovenia,2011,18.4,Both sexes
20019,Slovenia,2012,18.8,Both sexes
20022,Slovenia,2013,19.1,Both sexes
20025,Slovenia,2014,19.5,Both sexes
20028,Slovenia,2015,19.8,Both sexes
20031,Slovenia,2016,20.2,Both sexes
20133,Solomon Islands,2008,17.6,Both sexes
20136,Solomon Islands,2009,18.1,Both sexes
20139,Solomon Islands,2010,18.7,Both sexes
20142,Solomon Islands,2011,19.3,Both sexes
20145,Solomon Islands,2012,19.9,Both sexes
20148,Solomon Islands,2013,20.6,Both sexes
20151,Solomon Islands,2014,21.2,Both sexes
20154,Solomon Islands,2015,21.9,Both sexes
20157,Solomon Islands,2016,22.5,Both sexes
20259,Somalia,2008,5.9,Both sexes
20262,Somalia,2009,6.2,Both sexes
20265,Somalia,2010,6.4,Both sexes
20268,Somalia,2011,6.7,Both sexes
20271,Somalia,2012,7.0,Both sexes
20274,Somalia,2013,7.3,Both sexes
20277,Somalia,2014,7.6,Both sexes
20280,Somalia,2015,7.9,Both sexes
20283,Somalia,2016,8.3,Both sexes
20385,South Africa,2008,24.0,Both sexes
20388,South Africa,2009,24.5,Both sexes
20391,South Africa,2010,25.1,Both sexes
20394,South Africa,2011,25.6,Both sexes
20397,South Africa,2012,26.1,Both sexes
20400,South Africa,2013,26.7,Both sexes
20403,South Africa,2014,27.2,Both sexes
20406,South Africa,2015,27.8,Both sexes
20409,South Africa,2016,28.3,Both sexes
20637,Spain,2008,21.0,Both sexes
20640,Spain,2009,21.3,Both sexes
20643,Spain,2010,21.7,Both sexes
20646,Spain,2011,22.0,Both sexes
20649,Spain,2012,22.4,Both sexes
20652,Spain,2013,22.7,Both sexes
20655,Spain,2014,23.1,Both sexes
20658,Spain,2015,23.4,Both sexes
20661,Spain,2016,23.8,Both sexes
20763,Sri Lanka,2008,3.3,Both sexes
20766,Sri Lanka,2009,3.5,Both sexes
20769,Sri Lanka,2010,3.7,Both sexes
20772,Sri Lanka,2011,3.9,Both sexes
20775,Sri Lanka,2012,4.1,Both sexes
20778,Sri Lanka,2013,4.4,Both sexes
20781,Sri Lanka,2014,4.6,Both sexes
20784,Sri Lanka,2015,4.9,Both sexes
20787,Sri Lanka,2016,5.2,Both sexes
21015,Sudan,2008,6.1,Both sexes
21018,Sudan,2009,5.1,Both sexes
21021,Sudan,2010,6.5,Both sexes
21024,Sudan,2011,6.1,Both sexes
21027,Sudan,2012,6.4,Both sexes
21030,Sudan,2013,5.7,Both sexes
21033,Sudan,2014,5.8,Both sexes
21036,Sudan,2015,8.6,Both sexes
21039,Sudan,2016,8.6,Both sexes
21141,Suriname,2008,22.5,Both sexes
21144,Suriname,2009,23.0,Both sexes
21147,Suriname,2010,23.5,Both sexes
21150,Suriname,2011,24.0,Both sexes
21153,Suriname,2012,24.4,Both sexes
21156,Suriname,2013,24.9,Both sexes
21159,Suriname,2014,25.4,Both sexes
21162,Suriname,2015,25.9,Both sexes
21165,Suriname,2016,26.4,Both sexes
21267,Sweden,2008,17.4,Both sexes
21270,Sweden,2009,17.8,Both sexes
21273,Sweden,2010,18.2,Both sexes
21276,Sweden,2011,18.6,Both sexes
21279,Sweden,2012,19.0,Both sexes
21282,Sweden,2013,19.4,Both sexes
21285,Sweden,2014,19.8,Both sexes
21288,Sweden,2015,20.2,Both sexes
21291,Sweden,2016,20.6,Both sexes
21393,Switzerland,2008,16.5,Both sexes
21396,Switzerland,2009,16.9,Both sexes
21399,Switzerland,2010,17.3,Both sexes
21402,Switzerland,2011,17.6,Both sexes
21405,Switzerland,2012,18.0,Both sexes
21408,Switzerland,2013,18.4,Both sexes
21411,Switzerland,2014,18.7,Both sexes
21414,Switzerland,2015,19.1,Both sexes
21417,Switzerland,2016,19.5,Both sexes
21519,Syria,2008,22.5,Both sexes
21522,Syria,2009,23.1,Both sexes
21525,Syria,2010,23.8,Both sexes
21528,Syria,2011,24.4,Both sexes
21531,Syria,2012,25.1,Both sexes
21534,Syria,2013,25.8,Both sexes
21537,Syria,2014,26.4,Both sexes
21540,Syria,2015,27.1,Both sexes
21543,Syria,2016,27.8,Both sexes
21645,Tajikistan,2008,10.5,Both sexes
21648,Tajikistan,2009,10.9,Both sexes
21651,Tajikistan,2010,11.3,Both sexes
21654,Tajikistan,2011,11.8,Both sexes
21657,Tajikistan,2012,12.2,Both sexes
21660,Tajikistan,2013,12.7,Both sexes
21663,Tajikistan,2014,13.2,Both sexes
21666,Tajikistan,2015,13.7,Both sexes
21669,Tajikistan,2016,14.2,Both sexes
21771,Thailand,2008,6.1,Both sexes
21774,Thailand,2009,6.5,Both sexes
21777,Thailand,2010,7.0,Both sexes
21780,Thailand,2011,7.4,Both sexes
21783,Thailand,2012,7.9,Both sexes
21786,Thailand,2013,8.4,Both sexes
21789,Thailand,2014,8.9,Both sexes
21792,Thailand,2015,9.4,Both sexes
21795,Thailand,2016,10.0,Both sexes
21897,Timor-Leste,2008,2.3,Both sexes
21900,Timor-Leste,2009,2.4,Both sexes
21903,Timor-Leste,2010,2.6,Both sexes
21906,Timor-Leste,2011,2.8,Both sexes
21909,Timor-Leste,2012,2.9,Both sexes
21912,Timor-Leste,2013,3.1,Both sexes
21915,Timor-Leste,2014,3.3,Both sexes
21918,Timor-Leste,2015,3.6,Both sexes
21921,Timor-Leste,2016,3.8,Both sexes
22023,Togo,2008,6.0,Both sexes
22026,Togo,2009,6.3,Both sexes
22029,Togo,2010,6.5,Both sexes
22032,Togo,2011,6.8,Both sexes
22035,Togo,2012,7.1,Both sexes
22038,Togo,2013,7.4,Both sexes
22041,Togo,2014,7.8,Both sexes
22044,Togo,2015,8.1,Both sexes
22047,Togo,2016,8.4,Both sexes
22149,Tonga,2008,42.7,Both sexes
22152,Tonga,2009,43.4,Both sexes
22155,Tonga,2010,44.1,Both sexes
22158,Tonga,2011,44.7,Both sexes
22161,Tonga,2012,45.4,Both sexes
22164,Tonga,2013,46.1,Both sexes
22167,Tonga,2014,46.8,Both sexes
22170,Tonga,2015,47.5,Both sexes
22173,Tonga,2016,48.2,Both sexes
22275,Trinidad and Tobago,2008,14.3,Both sexes
22278,Trinidad and Tobago,2009,14.8,Both sexes
22281,Trinidad and Tobago,2010,15.3,Both sexes
22284,Trinidad and Tobago,2011,15.8,Both sexes
22287,Trinidad and Tobago,2012,16.3,Both sexes
22290,Trinidad and Tobago,2013,16.9,Both sexes
22293,Trinidad and Tobago,2014,17.4,Both sexes
22296,Trinidad and Tobago,2015,18.0,Both sexes
22299,Trinidad and Tobago,2016,18.6,Both sexes
22401,Tunisia,2008,22.3,Both sexes
22404,Tunisia,2009,22.9,Both sexes
22407,Tunisia,2010,23.4,Both sexes
22410,Tunisia,2011,24.0,Both sexes
22413,Tunisia,2012,24.6,Both sexes
22416,Tunisia,2013,25.1,Both sexes
22419,Tunisia,2014,25.7,Both sexes
22422,Tunisia,2015,26.3,Both sexes
22425,Tunisia,2016,26.9,Both sexes
22527,Turkey,2008,26.9,Both sexes
22530,Turkey,2009,27.6,Both sexes
22533,Turkey,2010,28.2,Both sexes
22536,Turkey,2011,28.9,Both sexes
22539,Turkey,2012,29.5,Both sexes
22542,Turkey,2013,30.2,Both sexes
22545,Turkey,2014,30.8,Both sexes
22548,Turkey,2015,31.5,Both sexes
22551,Turkey,2016,32.1,Both sexes
22653,Turkmenistan,2008,14.3,Both sexes
22656,Turkmenistan,2009,14.8,Both sexes
22659,Turkmenistan,2010,15.3,Both sexes
22662,Turkmenistan,2011,15.8,Both sexes
22665,Turkmenistan,2012,16.3,Both sexes
22668,Turkmenistan,2013,16.9,Both sexes
22671,Turkmenistan,2014,17.4,Both sexes
22674,Turkmenistan,2015,18.0,Both sexes
22677,Turkmenistan,2016,18.6,Both sexes
22779,Tuvalu,2008,45.5,Both sexes
22782,Tuvalu,2009,46.2,Both sexes
22785,Tuvalu,2010,47.0,Both sexes
22788,Tuvalu,2011,47.8,Both sexes
22791,Tuvalu,2012,48.6,Both sexes
22794,Tuvalu,2013,49.4,Both sexes
22797,Tuvalu,2014,50.1,Both sexes
22800,Tuvalu,2015,50.9,Both sexes
22803,Tuvalu,2016,51.6,Both sexes
22905,Uganda,2008,3.5,Both sexes
22908,Uganda,2009,3.7,Both sexes
22911,Uganda,2010,3.9,Both sexes
22914,Uganda,2011,4.1,Both sexes
22917,Uganda,2012,4.3,Both sexes
22920,Uganda,2013,4.5,Both sexes
22923,Uganda,2014,4.8,Both sexes
22926,Uganda,2015,5.0,Both sexes
22929,Uganda,2016,5.3,Both sexes
23031,Ukraine,2008,21.4,Both sexes
23034,Ukraine,2009,21.7,Both sexes
23037,Ukraine,2010,22.0,Both sexes
23040,Ukraine,2011,22.4,Both sexes
23043,Ukraine,2012,22.7,Both sexes
23046,Ukraine,2013,23.0,Both sexes
23049,Ukraine,2014,23.4,Both sexes
23052,Ukraine,2015,23.7,Both sexes
23055,Ukraine,2016,24.1,Both sexes
23157,United Arab Emirates,2008,26.3,Both sexes
23160,United Arab Emirates,2009,27.0,Both sexes
23163,United Arab Emirates,2010,27.7,Both sexes
23166,United Arab Emirates,2011,28.3,Both sexes
23169,United Arab Emirates,2012,29.0,Both sexes
23172,United Arab Emirates,2013,29.7,Both sexes
23175,United Arab Emirates,2014,30.3,Both sexes
23178,United Arab Emirates,2015,31.0,Both sexes
23181,United Arab Emirates,2016,31.7,Both sexes
23283,United Kingdom,2008,23.1,Both sexes
23286,United Kingdom,2009,23.6,Both sexes
23289,United Kingdom,2010,24.2,Both sexes
23292,United Kingdom,2011,24.8,Both sexes
23295,United Kingdom,2012,25.4,Both sexes
23298,United Kingdom,2013,26.0,Both sexes
23301,United Kingdom,2014,26.6,Both sexes
23304,United Kingdom,2015,27.2,Both sexes
23307,United Kingdom,2016,27.8,Both sexes
23409,Tanzania,2008,5.7,Both sexes
23412,Tanzania,2009,6.0,Both sexes
23415,Tanzania,2010,6.3,Both sexes
23418,Tanzania,2011,6.6,Both sexes
23421,Tanzania,2012,6.9,Both sexes
23424,Tanzania,2013,7.3,Both sexes
23427,Tanzania,2014,7.6,Both sexes
23430,Tanzania,2015,8.0,Both sexes
23433,Tanzania,2016,8.4,Both sexes
23535,United States of America,2008,31.0,Both sexes
23538,United States of America,2009,31.7,Both sexes
23541,United States of America,2010,32.3,Both sexes
23544,United States of America,2011,33.0,Both sexes
23547,United States of America,2012,33.6,Both sexes
23550,United States of America,2013,34.3,Both sexes
23553,United States of America,2014,34.9,Both sexes
23556,United States of America,2015,35.6,Both sexes
23559,United States of America,2016,36.2,Both sexes
23661,Uruguay,2008,24.1,Both sexes
23664,Uruguay,2009,24.6,Both sexes
23667,Uruguay,2010,25.1,Both sexes
23670,Uruguay,2011,25.5,Both sexes
23673,Uruguay,2012,26.0,Both sexes
23676,Uruguay,2013,26.5,Both sexes
23679,Uruguay,2014,27.0,Both sexes
23682,Uruguay,2015,27.5,Both sexes
23685,Uruguay,2016,27.9,Both sexes
23787,Uzbekistan,2008,12.6,Both sexes
23790,Uzbekistan,2009,13.0,Both sexes
23793,Uzbekistan,2010,13.5,Both sexes
23796,Uzbekistan,2011,13.9,Both sexes
23799,Uzbekistan,2012,14.4,Both sexes
23802,Uzbekistan,2013,14.9,Both sexes
23805,Uzbekistan,2014,15.4,Both sexes
23808,Uzbekistan,2015,16.0,Both sexes
23811,Uzbekistan,2016,16.6,Both sexes
23913,Vanuatu,2008,20.1,Both sexes
23916,Vanuatu,2009,20.7,Both sexes
23919,Vanuatu,2010,21.3,Both sexes
23922,Vanuatu,2011,22.0,Both sexes
23925,Vanuatu,2012,22.6,Both sexes
23928,Vanuatu,2013,23.2,Both sexes
23931,Vanuatu,2014,23.9,Both sexes
23934,Vanuatu,2015,24.5,Both sexes
23937,Vanuatu,2016,25.2,Both sexes
24039,Venezuela,2008,22.5,Both sexes
24042,Venezuela,2009,22.9,Both sexes
24045,Venezuela,2010,23.3,Both sexes
24048,Venezuela,2011,23.7,Both sexes
24051,Venezuela,2012,24.0,Both sexes
24054,Venezuela,2013,24.4,Both sexes
24057,Venezuela,2014,24.8,Both sexes
24060,Venezuela,2015,25.2,Both sexes
24063,Venezuela,2016,25.6,Both sexes
24165,Vietnam,2008,1.2,Both sexes
24168,Vietnam,2009,1.3,Both sexes
24171,Vietnam,2010,1.4,Both sexes
24174,Vietnam,2011,1.5,Both sexes
24177,Vietnam,2012,1.6,Both sexes
24180,Vietnam,2013,1.7,Both sexes
24183,Vietnam,2014,1.8,Both sexes
24186,Vietnam,2015,2.0,Both sexes
24189,Vietnam,2016,2.1,Both sexes
24291,Yemen,2008,12.4,Both sexes
24294,Yemen,2009,13.0,Both sexes
24297,Yemen,2010,13.5,Both sexes
24300,Yemen,2011,14.1,Both sexes
24303,Yemen,2012,14.6,Both sexes
24306,Yemen,2013,15.2,Both sexes
24309,Yemen,2014,15.9,Both sexes
24312,Yemen,2015,16.5,Both sexes
24315,Yemen,2016,17.1,Both sexes
24417,Zambia,2008,5.7,Both sexes
24420,Zambia,2009,6.0,Both sexes
24423,Zambia,2010,6.3,Both sexes
24426,Zambia,2011,6.5,Both sexes
24429,Zambia,2012,6.8,Both sexes
24432,Zambia,2013,7.1,Both sexes
24435,Zambia,2014,7.4,Both sexes
24438,Zambia,2015,7.7,Both sexes
24441,Zambia,2016,8.1,Both sexes
24543,Zimbabwe,2008,13.2,Both sexes
24546,Zimbabwe,2009,13.5,Both sexes
24549,Zimbabwe,2010,13.8,Both sexes
24552,Zimbabwe,2011,14.1,Both sexes
24555,Zimbabwe,2012,14.3,Both sexes
24558,Zimbabwe,2013,14.6,Both sexes
24561,Zimbabwe,2014,14.9,Both sexes
24564,Zimbabwe,2015,15.2,Both sexes
24567,Zimbabwe,2016,15.5,Both sexes
